{
    "formatVersion": 1,
    "libraries": [
        {
            "downloads": {
                "artifact": {
                    "sha1": "0766bb0e8e829598b1c8052fd8173c62af741c52",
                    "size": 115553,
                    "url": "https://build.lwjgl.org/release/3.3.2/bin/lwjgl-glfw/lwjgl-glfw-natives-linux.jar"
                }
            },
            "name": "org.lwjgl:lwjgl-glfw-natives-linux:3.3.2-lwjgl.1",
            "rules": [
                {
                    "action": "allow",
                    "os": {
                        "name": "linux"
                    }
                }
            ]
        },
        {
            "downloads": {
                "artifact": {
                    "sha1": "cac0d3f712a3da7641fa174735a5f315de7ffe0a",
                    "size": 129077,
                    "url": "https://libraries.minecraft.net/org/lwjgl/lwjgl-glfw/3.3.1/lwjgl-glfw-3.3.1-natives-macos-arm64.jar"
                }
            },
            "name": "org.lwjgl:lwjgl-glfw-natives-macos-arm64:3.3.1",
            "rules": [
                {
                    "action": "allow",
                    "os": {
                        "name": "osx"
                    }
                },
                {
                    "action": "allow",
                    "os": {
                        "name": "osx-arm64"
                    }
                }
            ]
        },
        {
            "downloads": {
                "artifact": {
                    "sha1": "9ec4ce1fc8c85fdef03ef4ff2aace6f5775fb280",
                    "size": 131655,
                    "url": "https://libraries.minecraft.net/org/lwjgl/lwjgl-glfw/3.3.1/lwjgl-glfw-3.3.1-natives-macos.jar"
                }
            },
            "name": "org.lwjgl:lwjgl-glfw-natives-macos:3.3.1",
            "rules": [
                {
                    "action": "allow",
                    "os": {
                        "name": "osx"
                    }
                }
            ]
        },
        {
            "downloads": {
                "artifact": {
                    "sha1": "beda65ee503443e60aa196d58ed31f8d001dc22a",
                    "size": 123808,
                    "url": "https://libraries.minecraft.net/org/lwjgl/lwjgl-glfw/3.3.1/lwjgl-glfw-3.3.1-natives-windows-arm64.jar"
                }
            },
            "name": "org.lwjgl:lwjgl-glfw-natives-windows-arm64:3.3.1",
            "rules": [
                {
                    "action": "allow",
                    "os": {
                        "name": "windows"
                    }
                },
                {
                    "action": "allow",
                    "os": {
                        "name": "windows-arm64"
                    }
                }
            ]
        },
        {
            "downloads": {
                "artifact": {
                    "sha1": "b997e3391d6ce8f05487e7335d95c606043884a1",
                    "size": 139251,
                    "url": "https://libraries.minecraft.net/org/lwjgl/lwjgl-glfw/3.3.1/lwjgl-glfw-3.3.1-natives-windows-x86.jar"
                }
            },
            "name": "org.lwjgl:lwjgl-glfw-natives-windows-x86:3.3.1",
            "rules": [
                {
                    "action": "allow",
                    "os": {
                        "name": "windows"
                    }
                }
            ]
        },
        {
            "downloads": {
                "artifact": {
                    "sha1": "ed892f945cf7e79c8756796f32d00fa4ceaf573b",
                    "size": 145512,
                    "url": "https://libraries.minecraft.net/org/lwjgl/lwjgl-glfw/3.3.1/lwjgl-glfw-3.3.1-natives-windows.jar"
                }
            },
            "name": "org.lwjgl:lwjgl-glfw-natives-windows:3.3.1",
            "rules": [
                {
                    "action": "allow",
                    "os": {
                        "name": "windows"
                    }
                }
            ]
        },
        {
            "downloads": {
                "artifact": {
                    "sha1": "cbac1b8d30cb4795149c1ef540f912671a8616d0",
                    "size": 128801,
                    "url": "https://libraries.minecraft.net/org/lwjgl/lwjgl-glfw/3.3.1/lwjgl-glfw-3.3.1.jar"
                }
            },
            "name": "org.lwjgl:lwjgl-glfw:3.3.1"
        },
        {
            "downloads": {
                "artifact": {
                    "sha1": "33dbb017b6ed6b25f993ad9d56741a49e7937718",
                    "size": 166524,
                    "url": "https://libraries.minecraft.net/org/lwjgl/lwjgl-jemalloc/3.3.1/lwjgl-jemalloc-3.3.1-natives-linux.jar"
                }
            },
            "name": "org.lwjgl:lwjgl-jemalloc-natives-linux:3.3.1",
            "rules": [
                {
                    "action": "allow",
                    "os": {
                        "name": "linux"
                    }
                }
            ]
        },
        {
            "downloads": {
                "artifact": {
                    "sha1": "e577b87d8ad2ade361aaea2fcf226c660b15dee8",
                    "size": 103475,
                    "url": "https://libraries.minecraft.net/org/lwjgl/lwjgl-jemalloc/3.3.1/lwjgl-jemalloc-3.3.1-natives-macos-arm64.jar"
                }
            },
            "name": "org.lwjgl:lwjgl-jemalloc-natives-macos-arm64:3.3.1",
            "rules": [
                {
                    "action": "allow",
                    "os": {
                        "name": "osx"
                    }
                },
                {
                    "action": "allow",
                    "os": {
                        "name": "osx-arm64"
                    }
                }
            ]
        },
        {
            "downloads": {
                "artifact": {
                    "sha1": "56424dc8db3cfb8e7b594aa6d59a4f4387b7f544",
                    "size": 117480,
                    "url": "https://libraries.minecraft.net/org/lwjgl/lwjgl-jemalloc/3.3.1/lwjgl-jemalloc-3.3.1-natives-macos.jar"
                }
            },
            "name": "org.lwjgl:lwjgl-jemalloc-natives-macos:3.3.1",
            "rules": [
                {
                    "action": "allow",
                    "os": {
                        "name": "osx"
                    }
                }
            ]
        },
        {
            "downloads": {
                "artifact": {
                    "sha1": "cae85c4edb219c88b6a0c26a87955ad98dc9519d",
                    "size": 114250,
                    "url": "https://libraries.minecraft.net/org/lwjgl/lwjgl-jemalloc/3.3.1/lwjgl-jemalloc-3.3.1-natives-windows-arm64.jar"
                }
            },
            "name": "org.lwjgl:lwjgl-jemalloc-natives-windows-arm64:3.3.1",
            "rules": [
                {
                    "action": "allow",
                    "os": {
                        "name": "windows"
                    }
                },
                {
                    "action": "allow",
                    "os": {
                        "name": "windows-arm64"
                    }
                }
            ]
        },
        {
            "downloads": {
                "artifact": {
                    "sha1": "fb476c8ec110e1c137ad3ce8a7f7bfe6b11c6324",
                    "size": 110405,
                    "url": "https://libraries.minecraft.net/org/lwjgl/lwjgl-jemalloc/3.3.1/lwjgl-jemalloc-3.3.1-natives-windows-x86.jar"
                }
            },
            "name": "org.lwjgl:lwjgl-jemalloc-natives-windows-x86:3.3.1",
            "rules": [
                {
                    "action": "allow",
                    "os": {
                        "name": "windows"
                    }
                }
            ]
        },
        {
            "downloads": {
                "artifact": {
                    "sha1": "948a89b76a16aa324b046ae9308891216ffce5f9",
                    "size": 135585,
                    "url": "https://libraries.minecraft.net/org/lwjgl/lwjgl-jemalloc/3.3.1/lwjgl-jemalloc-3.3.1-natives-windows.jar"
                }
            },
            "name": "org.lwjgl:lwjgl-jemalloc-natives-windows:3.3.1",
            "rules": [
                {
                    "action": "allow",
                    "os": {
                        "name": "windows"
                    }
                }
            ]
        },
        {
            "downloads": {
                "artifact": {
                    "sha1": "a817bcf213db49f710603677457567c37d53e103",
                    "size": 36601,
                    "url": "https://libraries.minecraft.net/org/lwjgl/lwjgl-jemalloc/3.3.1/lwjgl-jemalloc-3.3.1.jar"
                }
            },
            "name": "org.lwjgl:lwjgl-jemalloc:3.3.1"
        },
        {
            "downloads": {
                "artifact": {
                    "sha1": "1de885aba434f934201b99f2f1afb142036ac189",
                    "size": 110704,
                    "url": "https://libraries.minecraft.net/org/lwjgl/lwjgl/3.3.1/lwjgl-3.3.1-natives-linux.jar"
                }
            },
            "name": "org.lwjgl:lwjgl-natives-linux:3.3.1",
            "rules": [
                {
                    "action": "allow",
                    "os": {
                        "name": "linux"
                    }
                }
            ]
        },
        {
            "downloads": {
                "artifact": {
                    "sha1": "71d0d5e469c9c95351eb949064497e3391616ac9",
                    "size": 42693,
                    "url": "https://libraries.minecraft.net/org/lwjgl/lwjgl/3.3.1/lwjgl-3.3.1-natives-macos-arm64.jar"
                }
            },
            "name": "org.lwjgl:lwjgl-natives-macos-arm64:3.3.1",
            "rules": [
                {
                    "action": "allow",
                    "os": {
                        "name": "osx"
                    }
                },
                {
                    "action": "allow",
                    "os": {
                        "name": "osx-arm64"
                    }
                }
            ]
        },
        {
            "downloads": {
                "artifact": {
                    "sha1": "fc6bb723dec2cd031557dccb2a95f0ab80acb9db",
                    "size": 55706,
                    "url": "https://libraries.minecraft.net/org/lwjgl/lwjgl/3.3.1/lwjgl-3.3.1-natives-macos.jar"
                }
            },
            "name": "org.lwjgl:lwjgl-natives-macos:3.3.1",
            "rules": [
                {
                    "action": "allow",
                    "os": {
                        "name": "osx"
                    }
                }
            ]
        },
        {
            "downloads": {
                "artifact": {
                    "sha1": "0f46cadcf95675908fd3a550d63d9d709cb68998",
                    "size": 130064,
                    "url": "https://libraries.minecraft.net/org/lwjgl/lwjgl/3.3.1/lwjgl-3.3.1-natives-windows-arm64.jar"
                }
            },
            "name": "org.lwjgl:lwjgl-natives-windows-arm64:3.3.1",
            "rules": [
                {
                    "action": "allow",
                    "os": {
                        "name": "windows"
                    }
                },
                {
                    "action": "allow",
                    "os": {
                        "name": "windows-arm64"
                    }
                }
            ]
        },
        {
            "downloads": {
                "artifact": {
                    "sha1": "3b14f4beae9dd39791ec9e12190a9380cd8a3ce6",
                    "size": 134695,
                    "url": "https://libraries.minecraft.net/org/lwjgl/lwjgl/3.3.1/lwjgl-3.3.1-natives-windows-x86.jar"
                }
            },
            "name": "org.lwjgl:lwjgl-natives-windows-x86:3.3.1",
            "rules": [
                {
                    "action": "allow",
                    "os": {
                        "name": "windows"
                    }
                }
            ]
        },
        {
            "downloads": {
                "artifact": {
                    "sha1": "0036c37f16ab611b3aa11f3bcf80b1d509b4ce6b",
                    "size": 159361,
                    "url": "https://libraries.minecraft.net/org/lwjgl/lwjgl/3.3.1/lwjgl-3.3.1-natives-windows.jar"
                }
            },
            "name": "org.lwjgl:lwjgl-natives-windows:3.3.1",
            "rules": [
                {
                    "action": "allow",
                    "os": {
                        "name": "windows"
                    }
                }
            ]
        },
        {
            "downloads": {
                "artifact": {
                    "sha1": "f906b6439f6daa66001182ea7727e3467a93681b",
                    "size": 476825,
                    "url": "https://libraries.minecraft.net/org/lwjgl/lwjgl-openal/3.3.1/lwjgl-openal-3.3.1-natives-linux.jar"
                }
            },
            "name": "org.lwjgl:lwjgl-openal-natives-linux:3.3.1",
            "rules": [
                {
                    "action": "allow",
                    "os": {
                        "name": "linux"
                    }
                }
            ]
        },
        {
            "downloads": {
                "artifact": {
                    "sha1": "23d55e7490b57495320f6c9e1936d78fd72c4ef8",
                    "size": 346125,
                    "url": "https://libraries.minecraft.net/org/lwjgl/lwjgl-openal/3.3.1/lwjgl-openal-3.3.1-natives-macos-arm64.jar"
                }
            },
            "name": "org.lwjgl:lwjgl-openal-natives-macos-arm64:3.3.1",
            "rules": [
                {
                    "action": "allow",
                    "os": {
                        "name": "osx"
                    }
                },
                {
                    "action": "allow",
                    "os": {
                        "name": "osx-arm64"
                    }
                }
            ]
        },
        {
            "downloads": {
                "artifact": {
                    "sha1": "3a57b8911835fb58b5e558d0ca0d28157e263d45",
                    "size": 397196,
                    "url": "https://libraries.minecraft.net/org/lwjgl/lwjgl-openal/3.3.1/lwjgl-openal-3.3.1-natives-macos.jar"
                }
            },
            "name": "org.lwjgl:lwjgl-openal-natives-macos:3.3.1",
            "rules": [
                {
                    "action": "allow",
                    "os": {
                        "name": "osx"
                    }
                }
            ]
        },
        {
            "downloads": {
                "artifact": {
                    "sha1": "40d65f1a7368a2aa47336f9cb69f5a190cf9975a",
                    "size": 505234,
                    "url": "https://libraries.minecraft.net/org/lwjgl/lwjgl-openal/3.3.1/lwjgl-openal-3.3.1-natives-windows-arm64.jar"
                }
            },
            "name": "org.lwjgl:lwjgl-openal-natives-windows-arm64:3.3.1",
            "rules": [
                {
                    "action": "allow",
                    "os": {
                        "name": "windows"
                    }
                },
                {
                    "action": "allow",
                    "os": {
                        "name": "windows-arm64"
                    }
                }
            ]
        },
        {
            "downloads": {
                "artifact": {
                    "sha1": "888349f7b1be6fbae58bf8edfb9ef12def04c4e3",
                    "size": 520313,
                    "url": "https://libraries.minecraft.net/org/lwjgl/lwjgl-openal/3.3.1/lwjgl-openal-3.3.1-natives-windows-x86.jar"
                }
            },
            "name": "org.lwjgl:lwjgl-openal-natives-windows-x86:3.3.1",
            "rules": [
                {
                    "action": "allow",
                    "os": {
                        "name": "windows"
                    }
                }
            ]
        },
        {
            "downloads": {
                "artifact": {
                    "sha1": "30a474d0e57193d7bc128849a3ab66bc9316fdb1",
                    "size": 576872,
                    "url": "https://libraries.minecraft.net/org/lwjgl/lwjgl-openal/3.3.1/lwjgl-openal-3.3.1-natives-windows.jar"
                }
            },
            "name": "org.lwjgl:lwjgl-openal-natives-windows:3.3.1",
            "rules": [
                {
                    "action": "allow",
                    "os": {
                        "name": "windows"
                    }
                }
            ]
        },
        {
            "downloads": {
                "artifact": {
                    "sha1": "2623a6b8ae1dfcd880738656a9f0243d2e6840bd",
                    "size": 88237,
                    "url": "https://libraries.minecraft.net/org/lwjgl/lwjgl-openal/3.3.1/lwjgl-openal-3.3.1.jar"
                }
            },
            "name": "org.lwjgl:lwjgl-openal:3.3.1"
        },
        {
            "downloads": {
                "artifact": {
                    "sha1": "ab9ab6fde3743e3550fa5d46d785ecb45b047d99",
                    "size": 79125,
                    "url": "https://libraries.minecraft.net/org/lwjgl/lwjgl-opengl/3.3.1/lwjgl-opengl-3.3.1-natives-linux.jar"
                }
            },
            "name": "org.lwjgl:lwjgl-opengl-natives-linux:3.3.1",
            "rules": [
                {
                    "action": "allow",
                    "os": {
                        "name": "linux"
                    }
                }
            ]
        },
        {
            "downloads": {
                "artifact": {
                    "sha1": "eafe34b871d966292e8db0f1f3d6b8b110d4e91d",
                    "size": 41665,
                    "url": "https://libraries.minecraft.net/org/lwjgl/lwjgl-opengl/3.3.1/lwjgl-opengl-3.3.1-natives-macos-arm64.jar"
                }
            },
            "name": "org.lwjgl:lwjgl-opengl-natives-macos-arm64:3.3.1",
            "rules": [
                {
                    "action": "allow",
                    "os": {
                        "name": "osx"
                    }
                },
                {
                    "action": "allow",
                    "os": {
                        "name": "osx-arm64"
                    }
                }
            ]
        },
        {
            "downloads": {
                "artifact": {
                    "sha1": "a0d12697ea019a7362eff26475b0531340e876a6",
                    "size": 40709,
                    "url": "https://libraries.minecraft.net/org/lwjgl/lwjgl-opengl/3.3.1/lwjgl-opengl-3.3.1-natives-macos.jar"
                }
            },
            "name": "org.lwjgl:lwjgl-opengl-natives-macos:3.3.1",
            "rules": [
                {
                    "action": "allow",
                    "os": {
                        "name": "osx"
                    }
                }
            ]
        },
        {
            "downloads": {
                "artifact": {
                    "sha1": "527d78f1e9056aff3ed02ce93019c73c5e8f1721",
                    "size": 82445,
                    "url": "https://libraries.minecraft.net/org/lwjgl/lwjgl-opengl/3.3.1/lwjgl-opengl-3.3.1-natives-windows-arm64.jar"
                }
            },
            "name": "org.lwjgl:lwjgl-opengl-natives-windows-arm64:3.3.1",
            "rules": [
                {
                    "action": "allow",
                    "os": {
                        "name": "windows"
                    }
                },
                {
                    "action": "allow",
                    "os": {
                        "name": "windows-arm64"
                    }
                }
            ]
        },
        {
            "downloads": {
                "artifact": {
                    "sha1": "deef3eb9b178ff2ff3ce893cc72ae741c3a17974",
                    "size": 87463,
                    "url": "https://libraries.minecraft.net/org/lwjgl/lwjgl-opengl/3.3.1/lwjgl-opengl-3.3.1-natives-windows-x86.jar"
                }
            },
            "name": "org.lwjgl:lwjgl-opengl-natives-windows-x86:3.3.1",
            "rules": [
                {
                    "action": "allow",
                    "os": {
                        "name": "windows"
                    }
                }
            ]
        },
        {
            "downloads": {
                "artifact": {
                    "sha1": "c1807e9bd571402787d7e37e3029776ae2513bb8",
                    "size": 100205,
                    "url": "https://libraries.minecraft.net/org/lwjgl/lwjgl-opengl/3.3.1/lwjgl-opengl-3.3.1-natives-windows.jar"
                }
            },
            "name": "org.lwjgl:lwjgl-opengl-natives-windows:3.3.1",
            "rules": [
                {
                    "action": "allow",
                    "os": {
                        "name": "windows"
                    }
                }
            ]
        },
        {
            "downloads": {
                "artifact": {
                    "sha1": "831a5533a21a5f4f81bbc51bb13e9899319b5411",
                    "size": 921563,
                    "url": "https://libraries.minecraft.net/org/lwjgl/lwjgl-opengl/3.3.1/lwjgl-opengl-3.3.1.jar"
                }
            },
            "name": "org.lwjgl:lwjgl-opengl:3.3.1"
        },
        {
            "downloads": {
                "artifact": {
                    "sha1": "3ee7aec8686e52867677110415566a5342a80230",
                    "size": 227237,
                    "url": "https://libraries.minecraft.net/org/lwjgl/lwjgl-stb/3.3.1/lwjgl-stb-3.3.1-natives-linux.jar"
                }
            },
            "name": "org.lwjgl:lwjgl-stb-natives-linux:3.3.1",
            "rules": [
                {
                    "action": "allow",
                    "os": {
                        "name": "linux"
                    }
                }
            ]
        },
        {
            "downloads": {
                "artifact": {
                    "sha1": "fcf073ed911752abdca5f0b00a53cfdf17ff8e8b",
                    "size": 178408,
                    "url": "https://libraries.minecraft.net/org/lwjgl/lwjgl-stb/3.3.1/lwjgl-stb-3.3.1-natives-macos-arm64.jar"
                }
            },
            "name": "org.lwjgl:lwjgl-stb-natives-macos-arm64:3.3.1",
            "rules": [
                {
                    "action": "allow",
                    "os": {
                        "name": "osx"
                    }
                },
                {
                    "action": "allow",
                    "os": {
                        "name": "osx-arm64"
                    }
                }
            ]
        },
        {
            "downloads": {
                "artifact": {
                    "sha1": "def8879b8d38a47a4cc1d48b1f9a7b772e51258e",
                    "size": 203582,
                    "url": "https://libraries.minecraft.net/org/lwjgl/lwjgl-stb/3.3.1/lwjgl-stb-3.3.1-natives-macos.jar"
                }
            },
            "name": "org.lwjgl:lwjgl-stb-natives-macos:3.3.1",
            "rules": [
                {
                    "action": "allow",
                    "os": {
                        "name": "osx"
                    }
                }
            ]
        },
        {
            "downloads": {
                "artifact": {
                    "sha1": "fde63cdd2605c00636721a6c8b961e41d1f6b247",
                    "size": 216848,
                    "url": "https://libraries.minecraft.net/org/lwjgl/lwjgl-stb/3.3.1/lwjgl-stb-3.3.1-natives-windows-arm64.jar"
                }
            },
            "name": "org.lwjgl:lwjgl-stb-natives-windows-arm64:3.3.1",
            "rules": [
                {
                    "action": "allow",
                    "os": {
                        "name": "windows"
                    }
                },
                {
                    "action": "allow",
                    "os": {
                        "name": "windows-arm64"
                    }
                }
            ]
        },
        {
            "downloads": {
                "artifact": {
                    "sha1": "a8d41f419eecb430b7c91ea2ce2c5c451cae2091",
                    "size": 225147,
                    "url": "https://libraries.minecraft.net/org/lwjgl/lwjgl-stb/3.3.1/lwjgl-stb-3.3.1-natives-windows-x86.jar"
                }
            },
            "name": "org.lwjgl:lwjgl-stb-natives-windows-x86:3.3.1",
            "rules": [
                {
                    "action": "allow",
                    "os": {
                        "name": "windows"
                    }
                }
            ]
        },
        {
            "downloads": {
                "artifact": {
                    "sha1": "86315914ac119efdb02dc9e8e978ade84f1702af",
                    "size": 256301,
                    "url": "https://libraries.minecraft.net/org/lwjgl/lwjgl-stb/3.3.1/lwjgl-stb-3.3.1-natives-windows.jar"
                }
            },
            "name": "org.lwjgl:lwjgl-stb-natives-windows:3.3.1",
            "rules": [
                {
                    "action": "allow",
                    "os": {
                        "name": "windows"
                    }
                }
            ]
        },
        {
            "downloads": {
                "artifact": {
                    "sha1": "b119297cf8ed01f247abe8685857f8e7fcf5980f",
                    "size": 112380,
                    "url": "https://libraries.minecraft.net/org/lwjgl/lwjgl-stb/3.3.1/lwjgl-stb-3.3.1.jar"
                }
            },
            "name": "org.lwjgl:lwjgl-stb:3.3.1"
        },
        {
            "downloads": {
                "artifact": {
                    "sha1": "a35110b9471bea8cde826ab297550ee8c22f5035",
                    "size": 45389,
                    "url": "https://libraries.minecraft.net/org/lwjgl/lwjgl-tinyfd/3.3.1/lwjgl-tinyfd-3.3.1-natives-linux.jar"
                }
            },
            "name": "org.lwjgl:lwjgl-tinyfd-natives-linux:3.3.1",
            "rules": [
                {
                    "action": "allow",
                    "os": {
                        "name": "linux"
                    }
                }
            ]
        },
        {
            "downloads": {
                "artifact": {
                    "sha1": "972ecc17bad3571e81162153077b4d47b7b9eaa9",
                    "size": 41380,
                    "url": "https://libraries.minecraft.net/org/lwjgl/lwjgl-tinyfd/3.3.1/lwjgl-tinyfd-3.3.1-natives-macos-arm64.jar"
                }
            },
            "name": "org.lwjgl:lwjgl-tinyfd-natives-macos-arm64:3.3.1",
            "rules": [
                {
                    "action": "allow",
                    "os": {
                        "name": "osx"
                    }
                },
                {
                    "action": "allow",
                    "os": {
                        "name": "osx-arm64"
                    }
                }
            ]
        },
        {
            "downloads": {
                "artifact": {
                    "sha1": "78641a0fa5e9afa714adfdd152c357930c97a1ce",
                    "size": 44821,
                    "url": "https://libraries.minecraft.net/org/lwjgl/lwjgl-tinyfd/3.3.1/lwjgl-tinyfd-3.3.1-natives-macos.jar"
                }
            },
            "name": "org.lwjgl:lwjgl-tinyfd-natives-macos:3.3.1",
            "rules": [
                {
                    "action": "allow",
                    "os": {
                        "name": "osx"
                    }
                }
            ]
        },
        {
            "downloads": {
                "artifact": {
                    "sha1": "83a5e780df610829ff3a737822b4f931cffecd91",
                    "size": 109139,
                    "url": "https://libraries.minecraft.net/org/lwjgl/lwjgl-tinyfd/3.3.1/lwjgl-tinyfd-3.3.1-natives-windows-arm64.jar"
                }
            },
            "name": "org.lwjgl:lwjgl-tinyfd-natives-windows-arm64:3.3.1",
            "rules": [
                {
                    "action": "allow",
                    "os": {
                        "name": "windows"
                    }
                },
                {
                    "action": "allow",
                    "os": {
                        "name": "windows-arm64"
                    }
                }
            ]
        },
        {
            "downloads": {
                "artifact": {
                    "sha1": "842eedd876fae354abc308c98a263f6bbc9e8a4d",
                    "size": 110042,
                    "url": "https://libraries.minecraft.net/org/lwjgl/lwjgl-tinyfd/3.3.1/lwjgl-tinyfd-3.3.1-natives-windows-x86.jar"
                }
            },
            "name": "org.lwjgl:lwjgl-tinyfd-natives-windows-x86:3.3.1",
            "rules": [
                {
                    "action": "allow",
                    "os": {
                        "name": "windows"
                    }
                }
            ]
        },
        {
            "downloads": {
                "artifact": {
                    "sha1": "a5d830475ec0958d9fdba1559efa99aef211e6ff",
                    "size": 127930,
                    "url": "https://libraries.minecraft.net/org/lwjgl/lwjgl-tinyfd/3.3.1/lwjgl-tinyfd-3.3.1-natives-windows.jar"
                }
            },
            "name": "org.lwjgl:lwjgl-tinyfd-natives-windows:3.3.1",
            "rules": [
                {
                    "action": "allow",
                    "os": {
                        "name": "windows"
                    }
                }
            ]
        },
        {
            "downloads": {
                "artifact": {
                    "sha1": "0ff1914111ef2e3e0110ef2dabc8d8cdaad82347",
                    "size": 6767,
                    "url": "https://libraries.minecraft.net/org/lwjgl/lwjgl-tinyfd/3.3.1/lwjgl-tinyfd-3.3.1.jar"
                }
            },
            "name": "org.lwjgl:lwjgl-tinyfd:3.3.1"
        },
        {
            "downloads": {
                "artifact": {
                    "sha1": "ae58664f88e18a9bb2c77b063833ca7aaec484cb",
                    "size": 724243,
                    "url": "https://libraries.minecraft.net/org/lwjgl/lwjgl/3.3.1/lwjgl-3.3.1.jar"
                }
            },
            "name": "org.lwjgl:lwjgl:3.3.1"
        },
        {
            "downloads": {
                "artifact": {
                    "sha1": "513eb39b866d0fe131a18d5c517087805433b029",
                    "size": 112350,
                    "url": "https://build.lwjgl.org/release/3.3.1/bin/lwjgl-glfw/lwjgl-glfw-natives-linux-arm64.jar"
                }
            },
            "name": "org.lwjgl:lwjgl-glfw-natives-linux-arm64:3.3.1-lwjgl.1",
            "rules": [
                {
                    "action": "allow",
                    "os": {
                        "name": "linux-arm64"
                    }
                }
            ]
        },
        {
            "downloads": {
                "artifact": {
                    "sha1": "816d935933f2dd743074c4e717cc25b55720f294",
                    "size": 104027,
                    "url": "https://build.lwjgl.org/release/3.3.1/bin/lwjgl-glfw/lwjgl-glfw-natives-linux-arm32.jar"
                }
            },
            "name": "org.lwjgl:lwjgl-glfw-natives-linux-arm32:3.3.1-lwjgl.1",
            "rules": [
                {
                    "action": "allow",
                    "os": {
                        "name": "linux-arm32"
                    }
                }
            ]
        },
        {
            "downloads": {
                "artifact": {
                    "sha1": "749be48a9b86ee2c3a2da5fd77511208adcfb33b",
                    "size": 159993,
                    "url": "https://github.com/theofficialgman/lwjgl3-binaries-arm64/raw/lwjgl-3.3.1/lwjgl-jemalloc-patched-natives-linux-arm64.jar"
                }
            },
            "name": "org.lwjgl:lwjgl-jemalloc-natives-linux-arm64:3.3.1-gman64.1",
            "rules": [
                {
                    "action": "allow",
                    "os": {
                        "name": "linux-arm64"
                    }
                }
            ]
        },
        {
            "downloads": {
                "artifact": {
                    "sha1": "a96a6d6cb3876d7813fcee53c3c24f246aeba3b3",
                    "size": 136157,
                    "url": "https://build.lwjgl.org/release/3.3.1/bin/lwjgl-jemalloc/lwjgl-jemalloc-natives-linux-arm32.jar"
                }
            },
            "name": "org.lwjgl:lwjgl-jemalloc-natives-linux-arm32:3.3.1-lwjgl.1",
            "rules": [
                {
                    "action": "allow",
                    "os": {
                        "name": "linux-arm32"
                    }
                }
            ]
        },
        {
            "downloads": {
                "artifact": {
                    "sha1": "cf4e303257e82981b8b2e31bba3d7f8f7b8f42b2",
                    "size": 470743,
                    "url": "https://build.lwjgl.org/release/3.3.1/bin/lwjgl-openal/lwjgl-openal-natives-linux-arm64.jar"
                }
            },
            "name": "org.lwjgl:lwjgl-openal-natives-linux-arm64:3.3.1-lwjgl.1",
            "rules": [
                {
                    "action": "allow",
                    "os": {
                        "name": "linux-arm64"
                    }
                }
            ]
        },
        {
            "downloads": {
                "artifact": {
                    "sha1": "ffbe35d7fa5ec9b7eca136a7c71f24d4025a510b",
                    "size": 400129,
                    "url": "https://build.lwjgl.org/release/3.3.1/bin/lwjgl-openal/lwjgl-openal-natives-linux-arm32.jar"
                }
            },
            "name": "org.lwjgl:lwjgl-openal-natives-linux-arm32:3.3.1-lwjgl.1",
            "rules": [
                {
                    "action": "allow",
                    "os": {
                        "name": "linux-arm32"
                    }
                }
            ]
        },
        {
            "downloads": {
                "artifact": {
                    "sha1": "1c528fb258a6e63e8fceb4482d8db0f3af10a634",
                    "size": 57908,
                    "url": "https://build.lwjgl.org/release/3.3.1/bin/lwjgl-opengl/lwjgl-opengl-natives-linux-arm64.jar"
                }
            },
            "name": "org.lwjgl:lwjgl-opengl-natives-linux-arm64:3.3.1-lwjgl.1",
            "rules": [
                {
                    "action": "allow",
                    "os": {
                        "name": "linux-arm64"
                    }
                }
            ]
        },
        {
            "downloads": {
                "artifact": {
                    "sha1": "e3550fa91097fd56e361b4370fa822220fef3595",
                    "size": 58474,
                    "url": "https://build.lwjgl.org/release/3.3.1/bin/lwjgl-opengl/lwjgl-opengl-natives-linux-arm32.jar"
                }
            },
            "name": "org.lwjgl:lwjgl-opengl-natives-linux-arm32:3.3.1-lwjgl.1",
            "rules": [
                {
                    "action": "allow",
                    "os": {
                        "name": "linux-arm32"
                    }
                }
            ]
        },
        {
            "downloads": {
                "artifact": {
                    "sha1": "8e8348a1813aad7f30aaf75ea197151ebb7beba9",
                    "size": 205491,
                    "url": "https://build.lwjgl.org/release/3.3.1/bin/lwjgl-stb/lwjgl-stb-natives-linux-arm64.jar"
                }
            },
            "name": "org.lwjgl:lwjgl-stb-natives-linux-arm64:3.3.1-lwjgl.1",
            "rules": [
                {
                    "action": "allow",
                    "os": {
                        "name": "linux-arm64"
                    }
                }
            ]
        },
        {
            "downloads": {
                "artifact": {
                    "sha1": "b08226bab162c06ae69337d8a1b0ee0a3fdf0b90",
                    "size": 153889,
                    "url": "https://build.lwjgl.org/release/3.3.1/bin/lwjgl-stb/lwjgl-stb-natives-linux-arm32.jar"
                }
            },
            "name": "org.lwjgl:lwjgl-stb-natives-linux-arm32:3.3.1-lwjgl.1",
            "rules": [
                {
                    "action": "allow",
                    "os": {
                        "name": "linux-arm32"
                    }
                }
            ]
        },
        {
            "downloads": {
                "artifact": {
                    "sha1": "964f628b7a82fd909def086c0dd9a4b84bb259ae",
                    "size": 42654,
                    "url": "https://build.lwjgl.org/release/3.3.1/bin/lwjgl-tinyfd/lwjgl-tinyfd-natives-linux-arm64.jar"
                }
            },
            "name": "org.lwjgl:lwjgl-tinyfd-natives-linux-arm64:3.3.1-lwjgl.1",
            "rules": [
                {
                    "action": "allow",
                    "os": {
                        "name": "linux-arm64"
                    }
                }
            ]
        },
        {
            "downloads": {
                "artifact": {
                    "sha1": "d53d331e859217a61298fcbcf8d79137f3df345c",
                    "size": 48061,
                    "url": "https://build.lwjgl.org/release/3.3.1/bin/lwjgl-tinyfd/lwjgl-tinyfd-natives-linux-arm32.jar"
                }
            },
            "name": "org.lwjgl:lwjgl-tinyfd-natives-linux-arm32:3.3.1-lwjgl.1",
            "rules": [
                {
                    "action": "allow",
                    "os": {
                        "name": "linux-arm32"
                    }
                }
            ]
        },
        {
            "downloads": {
                "artifact": {
                    "sha1": "b597401014acb7196c76d97e15a6288f54f1f692",
                    "size": 86308,
                    "url": "https://build.lwjgl.org/release/3.3.1/bin/lwjgl/lwjgl-natives-linux-arm64.jar"
                }
            },
            "name": "org.lwjgl:lwjgl-natives-linux-arm64:3.3.1-lwjgl.1",
            "rules": [
                {
                    "action": "allow",
                    "os": {
                        "name": "linux-arm64"
                    }
                }
            ]
        },
        {
            "downloads": {
                "artifact": {
                    "sha1": "41a3c1dd15d6b964eb8196dde69720a3e3e5e969",
                    "size": 82374,
                    "url": "https://build.lwjgl.org/release/3.3.1/bin/lwjgl/lwjgl-natives-linux-arm32.jar"
                }
            },
            "name": "org.lwjgl:lwjgl-natives-linux-arm32:3.3.1-lwjgl.1",
            "rules": [
                {
                    "action": "allow",
                    "os": {
                        "name": "linux-arm32"
                    }
                }
            ]
        }
    ],
    "name": "LWJGL 3",
    "releaseTime": "2022-11-29T14:28:08+00:00",
    "type": "release",
    "uid": "org.lwjgl3",
    "version": "3.3.1",
    "volatile": true
}
